id,name,age,club,rank,skills,form
1,Panda,25,Iron Fist,White,pattern;sparring,1.136
2,Tigress,54,Crane Hill,Red,pattern;team_pattern;sparring;breaking,1.103
3,Crane,47,Thunder Valley,Red,pattern;team_pattern;sparring;breaking,1.034
4,Viper,12,Silver Lotus,White,pattern;team_pattern,1.056
5,Mantis,29,Jade Palace,Purple,pattern;team_pattern;sparring,0.957
6,Monkey,25,Iron Fist,Green,pattern;team_pattern;sparring,0.877
7,Ayla,34,Crane Hill,Blue,pattern;team_pattern;breaking,1.023
8,Bao,20,Thunder Valley,White,pattern;team_pattern;sparring,0.97
9,Cleo,47,Silver Lotus,Blue,pattern;team_pattern;sparring,1.11
10,Dara,41,Jade Palace,Red,pattern;sparring;breaking,1.128
11,Eshe,49,Iron Fist,Blue,pattern;team_pattern;sparring;breaking,1.095
12,Fen,49,Crane Hill,Black,pattern;team_pattern;sparring;breaking,0.991
13,Gita,30,Thunder Valley,Blue,pattern;team_pattern;sparring;breaking,1.052
14,Hana,50,Silver Lotus,Purple,pattern;team_pattern;sparring,1.014
15,Ines,46,Jade Palace,Purple,pattern;team_pattern;sparring;breaking,1.1
16,Jae,13,Iron Fist,White,pattern;team_pattern;sparring,0.987
17,Kofi,47,Crane Hill,Blue,pattern;team_pattern;sparring;breaking,0.99
18,Lian,47,Thunder Valley,Purple,pattern;team_pattern;sparring,1.099
19,Mira,12,Silver Lotus,Green,pattern;team_pattern;sparring,1.139
20,Noor,14,Jade Palace,Yellow,pattern,0.994
21,Omar,17,Iron Fist,White,pattern;sparring,0.908
22,Pia,25,Crane Hill,Red,pattern;team_pattern;sparring;breaking,1.024
23,Quon,21,Thunder Valley,Black,pattern;team_pattern;sparring;breaking,0.863
24,Rafa,33,Silver Lotus,Blue,pattern;team_pattern;sparring;breaking,0.944
25,Sami,47,Jade Palace,Blue,pattern;team_pattern;breaking,0.992
26,Tomas,28,Iron Fist,White,pattern;team_pattern;sparring,0.875
27,Uma,24,Crane Hill,Purple,pattern;team_pattern;breaking,0.974
28,Vik,49,Thunder Valley,Red,pattern;team_pattern;sparring,0.967
29,Wren,20,Silver Lotus,White,pattern;team_pattern,1.134
30,Xiu,24,Jade Palace,White,pattern;team_pattern;sparring,0.948
31,Yara,23,Iron Fist,White,pattern;team_pattern,0.896
32,Zane,43,Crane Hill,Blue,pattern;team_pattern;sparring;breaking,1.063
33,Arin,18,Thunder Valley,Blue,pattern;team_pattern;breaking,1.013
34,Bela,44,Silver Lotus,Red,pattern;team_pattern;sparring;breaking,1.054
35,Ciro,29,Jade Palace,White,pattern;team_pattern;sparring,1.005
36,Dita,26,Iron Fist,Black,pattern;team_pattern;sparring;breaking,1.01
