competitor_id,name,rank,club,age,event,place,score,total_points
4,Cleo,Black,Thunder Valley,26,Senior Sparring,1,87.5,17
4,Cleo,Black,Thunder Valley,26,Senior Patterns,1,75.0,17
4,Cleo,Black,Thunder Valley,26,Club Team Patterns,1,63.0,17
12,Rafa,Red,Thunder Valley,21,Senior Sparring,3,80.7,10
12,Rafa,Red,Thunder Valley,21,Senior Patterns,2,72.4,10
12,Rafa,Red,Thunder Valley,21,Club Team Patterns,1,63.0,10
1,Eshe,Green,Jade Palace,14,Junior Patterns,1,57.4,7
1,Eshe,Green,Jade Palace,14,Club Team Patterns,3,17.3,7
11,Hugo,Blue,Crane Hill,28,Senior Sparring,2,77.3,7
11,Hugo,Blue,Crane Hill,28,Senior Patterns,4,63.4,7
11,Hugo,Blue,Crane Hill,28,Club Team Patterns,2,32.2,7
8,Mira,Black,Thunder Valley,15,Club Team Patterns,1,63.0,6
25,Quon,Red,Jade Palace,16,Power Breaking,1,26.4,5
15,Uma,Black,Crane Hill,48,Senior Sparring,4,67.2,5
15,Uma,Black,Crane Hill,48,Senior Patterns,3,64.1,5
15,Uma,Black,Crane Hill,48,Club Team Patterns,2,32.2,5
3,Jae,Yellow,Crane Hill,12,Junior Patterns,4,41.5,4
3,Jae,Yellow,Crane Hill,12,Club Team Patterns,2,32.2,4
19,Monkey,Green,Crane Hill,13,Junior Patterns,2,54.1,3
26,Tomas,Blue,Iron Fist,52,Senior Sparring,6,42.6,3
26,Tomas,Blue,Iron Fist,52,Senior Patterns,6,46.9,3
26,Tomas,Blue,Iron Fist,52,Power Breaking,2,14.6,3
9,Bao,White,Jade Palace,33,Club Team Patterns,3,17.3,2
5,Sami,Yellow,Jade Palace,15,Junior Patterns,6,37.0,2
5,Sami,Yellow,Jade Palace,15,Club Team Patterns,3,17.3,2
21,Enzo,Blue,Jade Palace,52,Senior Patterns,7,46.1,1
21,Enzo,Blue,Jade Palace,52,Power Breaking,3,13.8,1
6,Goro,Green,Iron Fist,17,Junior Patterns,3,53.3,1
6,Goro,Green,Iron Fist,17,Club Team Patterns,4,15.4,1
28,Crane,Blue,Thunder Valley,22,Senior Patterns,5,59.4,0
10,Hana,White,Iron Fist,38,Club Team Patterns,4,15.4,0
17,Kofi,White,Jade Palace,17,Junior Patterns,5,38.3,0
22,Noor,White,Iron Fist,9,Junior Patterns,7,33.0,0
24,Omar,Blue,Thunder Valley,43,Senior Sparring,5,47.7,0
24,Omar,Blue,Thunder Valley,43,Senior Patterns,8,45.5,0
24,Omar,Blue,Thunder Valley,43,Power Breaking,4,3.9,0
2,Zane,Yellow,Iron Fist,34,Club Team Patterns,4,15.4,0
